"","interact_id","treksoft_pid","treksoft_uid","ethica_id","sd_id_1","sd_firmware_1","sd_start_1","sd_end_1","sd_id_2","sd_firmware_2","sd_start_2","sd_end_2","dropout","data_disposition","test","plg_id","wave"
"1",201747792,"916","918",NA,455,NA,2018-10-13,2018-10-23,NA,NA,NA,NA,NA,NA,0,NA,1
"2",201016583,"27","29",NA,417,2106,2018-05-04,2018-05-13,NA,NA,NA,NA,NA,NA,0,NA,1
"3",201096308,"168","170",5231,417,2106,2018-05-26,2018-06-04,NA,NA,NA,NA,NA,NA,0,NA,1
"4",201354715,"386","388",NA,417,2106,2018-07-04,2018-07-13,NA,NA,NA,NA,NA,NA,0,NA,1
"5",201897232,"44","46",NA,417,2106,2018-08-02,2018-08-11,NA,NA,NA,NA,NA,NA,0,NA,1
"6",201084620,"90","92",NA,420,2106,2018-06-22,2018-07-01,NA,NA,NA,NA,NA,NA,0,NA,1
"7",201243705,"889","891",NA,420,2106,2018-09-22,2018-10-01,NA,NA,NA,NA,NA,NA,0,NA,1
"8",201440082,"721","723",5976,420,2106,2018-08-24,2018-09-02,NA,NA,NA,NA,NA,NA,0,NA,1
"9",201555219,"183","185",5188,420,2106,2018-07-19,2018-07-28,NA,NA,NA,NA,NA,NA,0,NA,1
"10",201206867,"556","558",5799,423,2106,2018-07-25,2018-08-04,NA,NA,NA,NA,NA,NA,0,NA,1
"11",201395817,"21","23",NA,423,2106,2018-05-14,2018-05-23,NA,NA,NA,NA,NA,NA,0,NA,1
"12",201808807,"307","309",5448,423,2106,2018-06-23,2018-07-02,NA,NA,NA,NA,NA,NA,0,NA,1
"13",201936202,"191","193",NA,423,2106,2018-05-29,2018-06-07,NA,NA,NA,NA,NA,NA,0,NA,1
"14",201335765,"7","9",6336,426,2106,2018-10-18,2018-10-27,NA,NA,NA,NA,NA,NA,0,NA,1
"15",201581816,"15","17",NA,426,2106,2018-05-04,2018-05-13,NA,NA,NA,NA,NA,NA,0,NA,1
"16",201629908,"419","421",NA,426,2106,2018-09-27,2018-10-06,NA,NA,NA,NA,NA,NA,0,NA,1
"17",201966494,"212","214",NA,426,2106,2018-06-11,2018-06-20,NA,NA,NA,NA,NA,NA,0,NA,1
"18",201046774,"72","74",NA,427,2106,2018-05-29,2018-06-07,NA,NA,NA,NA,NA,NA,0,NA,1
"19",201062161,"98","100",5342,427,2106,2018-07-26,2018-08-05,NA,NA,NA,NA,NA,NA,0,NA,1
"20",201335404,"20","22",NA,427,2106,2018-05-02,2018-05-11,NA,NA,NA,NA,NA,NA,0,NA,1
"21",201540108,"389","391",NA,427,2106,2018-07-07,2018-07-16,NA,NA,NA,NA,NA,NA,0,NA,1
"22",201611721,"37","39",5116,428,2106,2018-05-04,2018-05-13,NA,NA,NA,NA,NA,NA,0,NA,1
"23",201642869,"828","830",NA,428,2106,2018-09-13,2018-09-22,NA,NA,NA,NA,NA,NA,0,NA,1
"24",201828168,"484","486",5793,428,2106,2018-08-17,2018-08-26,NA,NA,NA,NA,NA,NA,0,NA,1
"25",201140482,"86","88",NA,430,2106,2018-05-10,2018-05-19,NA,NA,NA,NA,NA,NA,0,NA,1
"26",201213672,"302","304",5499,430,2106,2018-11-20,2018-11-29,NA,NA,NA,NA,NA,NA,0,NA,1
"27",201622526,"211","213",5221,430,2106,2018-05-29,2018-06-07,NA,NA,NA,NA,NA,NA,0,NA,1
"28",201210693,"35","37",7317,434,2106,2018-07-11,2018-07-20,NA,NA,NA,NA,NA,NA,0,NA,1
"29",201344260,"55","57",NA,434,2106,2018-05-08,2018-05-17,NA,NA,NA,NA,NA,NA,0,NA,1
"30",201488353,"223","225",NA,434,2106,2018-08-10,2018-08-19,NA,NA,NA,NA,NA,NA,0,NA,1
"31",201632326,"167","169",NA,434,2106,2018-06-24,2018-07-03,NA,NA,NA,NA,NA,NA,0,NA,1
"32",201829346,"201","203",NA,434,2106,2018-05-30,2018-06-08,NA,NA,NA,NA,NA,NA,0,NA,1
"33",201057630,"40","42",NA,435,2106,2018-05-31,2018-06-09,NA,NA,NA,NA,NA,NA,0,NA,1
"34",201233360,"47","49",5117,435,2106,2018-05-09,2018-05-18,NA,NA,NA,NA,NA,NA,0,NA,1
"35",201375419,"156","158",6387,435,2106,2018-06-16,2018-06-25,NA,NA,NA,NA,NA,NA,0,NA,1
"36",201865115,"648","650",6162,435,2106,2018-09-19,2018-09-28,NA,NA,NA,NA,NA,NA,0,NA,1
"37",201167559,"115","117",5185,439,2106,2018-05-18,2018-05-27,NA,NA,NA,NA,NA,NA,0,NA,1
"38",201537102,"241","243",5317,457,2106,2018-06-11,2018-06-22,NA,NA,NA,NA,NA,NA,0,NA,1
"39",201731907,"658","660",NA,439,2106,2018-08-28,2018-09-09,NA,NA,NA,NA,NA,NA,0,NA,1
"40",201903900,"917","919",NA,439,2106,2018-10-11,2018-10-20,NA,NA,NA,NA,NA,NA,0,NA,1
"41",201047893,"94","96",5212,441,2106,2018-05-18,2018-05-27,NA,NA,NA,NA,NA,NA,0,NA,1
"42",201320546,"300","302",NA,441,2106,2018-08-10,2018-08-19,NA,NA,NA,NA,NA,NA,0,NA,1
"43",201751458,"701","703",NA,441,2106,2018-10-20,2018-10-29,NA,NA,NA,NA,NA,NA,0,NA,1
"44",201822987,"591","593",6371,441,2106,2018-09-27,2018-10-06,NA,NA,NA,NA,NA,NA,0,NA,1
"45",201888195,"678","680",6771,441,2106,2018-11-08,2018-11-17,NA,NA,NA,NA,NA,NA,0,NA,1
"46",201906036,"23","25",NA,441,2106,2018-07-20,2018-07-29,NA,NA,NA,NA,NA,NA,0,NA,1
"47",201260516,"195","197",NA,442,2106,2018-05-09,2018-05-18,NA,NA,NA,NA,NA,NA,0,NA,1
"48",201299366,"99","101",5190,442,2106,2018-05-26,2018-06-04,NA,NA,NA,NA,NA,NA,0,NA,1
"49",201498983,"70","72",NA,442,2106,2018-07-26,2018-08-04,NA,NA,NA,NA,NA,NA,0,NA,1
"50",201296599,"12","14",NA,443,2106,2018-05-04,2018-05-13,NA,NA,NA,NA,NA,NA,0,NA,1
"51",201921802,"216","218",NA,443,2106,2018-08-18,2018-08-27,NA,NA,NA,NA,NA,NA,0,NA,1
"52",201207268,"229","231",NA,444,2106,2018-07-31,2018-08-09,NA,NA,NA,NA,NA,NA,0,NA,1
"53",201807747,"725","727",6242,444,2106,2018-09-15,2018-09-24,NA,NA,NA,NA,NA,NA,0,NA,1
"54",201993762,"52","54",5460,444,2106,2018-05-16,2018-05-25,NA,NA,NA,NA,NA,NA,0,NA,1
"55",201050305,"374","376",5645,445,2106,2018-07-11,2018-07-20,NA,NA,NA,NA,NA,NA,0,NA,1
"56",201089691,"142","144",5225,445,2106,2018-05-29,2018-06-07,NA,NA,NA,NA,NA,NA,0,NA,1
"57",201219100,"60","62",5553,445,2106,2018-06-22,2018-07-01,NA,NA,NA,NA,NA,NA,0,NA,1
"58",201298606,"17","19",5115,445,2106,2018-05-05,2018-05-14,NA,NA,NA,NA,NA,NA,0,NA,1
"59",201585258,"706","708",NA,445,2106,2018-08-22,2018-08-31,NA,NA,NA,NA,NA,NA,0,NA,1
"60",201958047,"806","808",7158,445,2106,2018-10-27,2018-11-05,NA,NA,NA,NA,NA,NA,0,NA,1
"61",201980623,"902","904",NA,445,2106,2018-09-27,2018-10-06,NA,NA,NA,NA,NA,NA,0,NA,1
"62",201005131,"673","675",6195,492,2106,2018-09-08,2018-09-17,NA,NA,NA,NA,NA,NA,0,NA,1
"63",201591592,"59","61",NA,492,2106,2018-05-05,2018-05-14,NA,NA,NA,NA,NA,NA,0,NA,1
"64",201702953,"920","922",7092,492,2106,2018-10-13,2018-10-22,NA,NA,NA,NA,NA,NA,0,NA,1
"65",201873796,"558","560",5942,492,2106,2018-08-14,2018-08-23,NA,NA,NA,NA,NA,NA,0,NA,1
"66",201347508,"57","59",NA,486,2106,2018-05-07,2018-05-30,NA,NA,NA,NA,NA,NA,0,NA,1
"67",201501658,"896","898",6312,486,2106,2018-09-20,2018-09-29,NA,NA,NA,NA,NA,NA,0,NA,1
"68",201760141,"238","240",5297,486,2106,2018-06-08,2018-06-17,NA,NA,NA,NA,NA,NA,0,NA,1
"69",201907304,"323","325",5762,486,2106,2018-07-20,2018-07-29,NA,NA,NA,NA,NA,NA,0,NA,1
"70",201943028,"929","931",7076,486,2106,2018-10-25,2018-11-03,NA,NA,NA,NA,NA,NA,0,NA,1
"71",201210287,"136","138",NA,478,2106,2018-11-14,2018-11-23,NA,NA,NA,NA,NA,NA,0,NA,1
"72",201215961,"928","930",6352,478,2106,2018-09-29,2018-10-08,NA,NA,NA,NA,NA,NA,0,NA,1
"73",201259654,"551","553",5883,478,2106,2018-08-02,2018-08-16,NA,NA,NA,NA,NA,NA,0,NA,1
"74",201767359,"174","176",5186,478,2106,2018-05-29,2018-06-07,NA,NA,NA,NA,NA,NA,0,NA,1
"75",201907402,"120","122",5184,478,2106,2018-05-12,2018-05-21,NA,NA,NA,NA,NA,NA,0,NA,1
"76",201117523,"42","44",5124,493,2106,2018-05-30,2018-06-08,NA,NA,NA,NA,NA,NA,0,NA,1
"77",201465169,"693","695",6383,493,2106,2018-10-11,2018-10-20,NA,NA,NA,NA,NA,NA,0,NA,1
"78",201657731,"61","63",NA,493,2106,2018-05-09,2018-05-18,NA,NA,NA,NA,NA,NA,0,NA,1
"79",201879991,"615","617",6549,493,2106,2018-09-11,2018-09-21,NA,NA,NA,NA,NA,NA,0,NA,1
"80",201945699,"812","814",NA,493,2106,2018-11-06,2018-11-15,NA,NA,NA,NA,NA,NA,0,NA,1
"81",201439904,"30","32",NA,481,2106,2018-05-25,2018-06-03,NA,NA,NA,NA,NA,NA,0,NA,1
"82",201547240,"267","269",NA,481,2106,2018-06-13,2018-06-22,NA,NA,NA,NA,NA,NA,0,NA,1
"83",201607646,"391","393",NA,481,2106,2018-07-26,2018-08-04,NA,NA,NA,NA,NA,NA,0,NA,1
"84",201841665,"277","279",5604,481,2106,2018-07-06,2018-07-15,NA,NA,NA,NA,NA,NA,0,NA,1
"85",201421800,"610","612",6579,494,2106,2018-10-02,2018-10-11,NA,NA,NA,NA,NA,NA,0,NA,1
"86",201459922,"525","527",5839,494,2106,2018-08-10,2018-08-21,NA,NA,NA,NA,NA,NA,0,NA,1
"87",201541156,"121","123",5233,494,2106,2018-05-30,2018-06-08,NA,NA,NA,NA,NA,NA,0,NA,1
"88",201544209,"219","221",5393,494,2106,2018-06-23,2018-07-02,NA,NA,NA,NA,NA,NA,0,NA,1
"89",201661659,"313","315",5581,494,2106,2018-08-28,2018-09-06,NA,NA,NA,NA,NA,NA,0,NA,1
"90",201759149,"87","89",5740,494,2106,2018-07-18,2018-07-28,NA,NA,NA,NA,NA,NA,0,NA,1
"91",201119567,"258","260",5294,482,2106,2018-11-10,2018-11-19,NA,NA,NA,NA,NA,NA,0,NA,1
"92",201541287,"285","287",NA,482,2106,2018-06-12,2018-06-21,NA,NA,NA,NA,NA,NA,0,NA,1
"93",201598406,"64","66",5140,482,2106,2018-05-25,2018-06-03,NA,NA,NA,NA,NA,NA,0,NA,1
"94",201732023,"412","414",NA,482,2106,2018-07-05,2018-07-14,NA,NA,NA,NA,NA,NA,0,NA,1
"95",201894756,"140","142",NA,482,2106,2018-08-02,2018-08-11,NA,NA,NA,NA,NA,NA,0,NA,1
"96",201185816,"703","705",5997,495,2106,2018-08-22,2018-08-31,NA,NA,NA,NA,NA,NA,0,NA,1
"97",201595427,"866","868",6244,495,2106,2018-09-15,2018-09-25,NA,NA,NA,NA,NA,NA,0,NA,1
"98",201833530,"833","835",7832,495,2106,2018-10-31,2018-11-09,NA,NA,NA,NA,NA,NA,0,NA,1
"99",201893555,"546","548",5796,495,2106,2018-10-11,2018-10-20,NA,NA,NA,NA,NA,NA,0,NA,1
"100",201999448,"231","233",5630,495,2106,2018-06-01,2018-06-11,NA,NA,NA,NA,NA,NA,0,NA,1
"101",201122672,"695","697",NA,490,2106,2018-08-22,2018-08-31,NA,NA,NA,NA,NA,NA,0,NA,1
"102",201702497,"338","340",5854,490,2106,2018-07-31,2018-08-09,NA,NA,NA,NA,NA,NA,0,NA,1
"103",201771612,"834","836",7190,494,2106,2018-10-27,2018-11-05,NA,NA,NA,NA,NA,NA,0,NA,1
"104",201774161,"399","401",NA,490,2106,2018-07-05,2018-07-14,NA,NA,NA,NA,NA,NA,0,NA,1
"105",201784517,"34","36",5223,490,2106,2018-05-23,2018-06-01,NA,NA,NA,NA,NA,NA,0,NA,1
"106",201144166,"118","120",NA,488,2106,2018-05-25,2018-06-03,NA,NA,NA,NA,NA,NA,0,NA,1
"107",201660846,"403","405",NA,488,2106,2018-07-20,2018-07-29,NA,NA,NA,NA,NA,NA,0,NA,1
"108",201330387,"112","114",7449,474,2106,2018-07-26,2018-08-04,NA,NA,NA,NA,NA,NA,0,NA,1
"109",201470524,"716","718",6966,474,2106,2018-08-30,2018-09-08,NA,NA,NA,NA,NA,NA,0,NA,1
"110",201801387,"71","73",NA,474,2106,2018-11-08,2018-12-15,NA,NA,NA,NA,NA,NA,0,NA,1
"111",201825339,"286","288",NA,474,2106,2018-06-28,2018-07-07,NA,NA,NA,NA,NA,NA,0,NA,1
"112",201890309,"376","378",NA,474,2106,2018-10-06,2018-10-15,NA,NA,NA,NA,NA,NA,0,NA,1
"113",201906396,"236","238",5390,474,2106,2018-06-13,2018-06-22,NA,NA,NA,NA,NA,NA,0,NA,1
"114",201984846,"624","626",5986,474,2106,2018-11-07,2018-11-16,NA,NA,NA,NA,NA,NA,0,NA,1
"115",201995308,"256","258",NA,474,2106,2018-05-24,2018-06-02,NA,NA,NA,NA,NA,NA,0,NA,1
"116",201244468,"750","752",NA,475,2106,2018-08-24,2018-09-02,NA,NA,NA,NA,NA,NA,0,NA,1
"117",201518284,"557","559",5920,475,2106,2018-08-03,2018-08-12,NA,NA,NA,NA,NA,NA,0,NA,1
"118",201790918,"10","12",5061,475,2106,2018-05-15,2018-05-24,NA,NA,NA,NA,NA,NA,0,NA,1
"119",201328108,"699","701",NA,476,2106,2018-10-04,2018-10-13,NA,NA,NA,NA,NA,NA,0,NA,1
"120",201499501,"813","815",NA,476,2106,2018-09-15,2018-09-25,NA,NA,NA,NA,NA,NA,0,NA,1
"121",201804678,"146","148",5181,476,2106,2018-05-23,2018-06-01,NA,NA,NA,NA,NA,NA,0,NA,1
"122",201972436,"206","208",NA,476,2106,2018-07-26,2018-08-24,NA,NA,NA,NA,NA,NA,0,NA,1
"123",201177837,"603","605",NA,465,2106,2018-08-27,2018-09-05,NA,NA,NA,NA,NA,NA,0,NA,1
"124",201356556,"748","750",NA,465,2106,2018-10-27,2018-11-05,NA,NA,NA,NA,NA,NA,0,NA,1
"125",201481781,"326","328",NA,465,2106,2018-07-06,2018-07-15,NA,NA,NA,NA,NA,NA,0,NA,1
"126",201676154,"891","893",6781,465,2106,2018-09-29,2018-10-08,NA,NA,NA,NA,NA,NA,0,NA,1
"127",201734545,"78","80",NA,465,2106,2018-05-18,2018-05-27,NA,NA,NA,NA,NA,NA,0,NA,1
"128",201085786,"882","884",6331,457,2106,2018-09-22,2018-10-01,NA,NA,NA,NA,NA,NA,0,NA,1
"129",201501554,"912","914",7077,457,2106,2018-10-18,2018-10-27,NA,NA,NA,NA,NA,NA,0,NA,1
"130",201502772,"75","77",NA,457,2106,2018-08-11,2018-08-20,NA,NA,NA,NA,NA,NA,0,NA,1
"131",201552267,"242","244",5274,439,2106,2018-06-12,2018-06-23,NA,NA,NA,NA,NA,NA,0,NA,1
"132",201564666,"298","300",NA,457,2106,2018-07-05,2018-07-14,NA,NA,NA,NA,NA,NA,0,NA,1
"133",201781641,"464","466",5673,457,2106,2018-07-26,2018-08-04,NA,NA,NA,NA,NA,NA,0,NA,1
"134",201912164,"66","68",5122,457,2106,2018-05-16,2018-05-25,NA,NA,NA,NA,NA,NA,0,NA,1
"135",201577173,"251","253",NA,449,2106,2018-10-16,2018-10-25,NA,NA,NA,NA,NA,NA,0,NA,1
"136",201035705,"148","150",NA,454,2106,2018-05-31,2018-06-09,NA,NA,NA,NA,NA,NA,0,NA,1
"137",201070246,"330","332",NA,454,2106,2018-08-18,2018-08-27,NA,NA,NA,NA,NA,NA,0,NA,1
"138",201185322,"544","546",5797,454,2106,2018-07-26,2018-08-04,NA,NA,NA,NA,NA,NA,0,NA,1
"139",201221004,"667","669",6211,454,2106,2018-09-14,2018-09-24,NA,NA,NA,NA,NA,NA,0,NA,1
"140",201789403,"210","212",5239,454,2106,2018-06-22,2018-07-08,NA,NA,NA,NA,NA,NA,0,NA,1
"141",201911845,"63","65",NA,454,2106,2018-05-18,2018-05-27,NA,NA,NA,NA,NA,NA,0,NA,1
"142",201069240,"109","111",5219,455,2106,2018-05-11,2018-05-20,NA,NA,NA,NA,NA,NA,0,NA,1
"143",201398316,"385","387",NA,455,2106,2018-07-10,2018-07-19,NA,NA,NA,NA,NA,NA,0,NA,1
"144",201439230,"222","224",NA,455,2106,2018-06-06,2018-06-15,NA,NA,NA,NA,NA,NA,0,NA,1
"145",201000648,"192","194",NA,NA,NA,NA,NA,NA,NA,NA,NA,NA,NA,0,NA,1
"146",201009324,"720","722",NA,NA,NA,NA,NA,NA,NA,NA,NA,NA,NA,0,NA,1
"147",201013074,"675","677",NA,NA,NA,NA,NA,NA,NA,NA,NA,NA,NA,0,NA,1
"148",201016785,"493","495",NA,NA,NA,NA,NA,NA,NA,NA,NA,NA,NA,0,NA,1
"149",201028091,"363","365",NA,NA,NA,NA,NA,NA,NA,NA,NA,NA,NA,0,NA,1
"150",201040454,"114","116",5332,NA,NA,NA,NA,NA,NA,NA,NA,NA,NA,0,NA,1
"151",201041511,"197","199",NA,NA,NA,NA,NA,NA,NA,NA,NA,NA,NA,0,NA,1
"152",201043589,"769","771",6043,NA,NA,NA,NA,NA,NA,NA,NA,NA,NA,0,NA,1
"153",201048715,"129","131",NA,NA,NA,NA,NA,NA,NA,NA,NA,NA,NA,0,NA,1
"154",201049835,"733","735",6392,NA,NA,NA,NA,NA,NA,NA,NA,NA,NA,0,NA,1
"155",201055501,"718","720",NA,NA,NA,NA,NA,NA,NA,NA,NA,NA,NA,0,NA,1
"156",201056320,"173","175",NA,NA,NA,NA,NA,NA,NA,NA,NA,NA,NA,0,NA,1
"157",201061123,"102","104",NA,NA,NA,NA,NA,NA,NA,NA,NA,NA,NA,0,NA,1
"158",201062265,"613","615",NA,NA,NA,NA,NA,NA,NA,NA,NA,NA,NA,0,NA,1
"159",201062762,"705","707",NA,NA,NA,NA,NA,NA,NA,NA,NA,NA,NA,0,NA,1
"160",201064068,"334","336",NA,NA,NA,NA,NA,NA,NA,NA,NA,NA,NA,0,NA,1
"161",201066939,"583","585",7677,423,2106,2018-08-19,2018-08-20,NA,NA,NA,NA,NA,NA,0,NA,1
"162",201067057,"74","76",NA,NA,NA,NA,NA,NA,NA,NA,NA,NA,NA,0,NA,1
"163",201068760,"343","345",NA,NA,NA,NA,NA,NA,NA,NA,NA,NA,NA,0,NA,1
"164",201071254,"166","168",NA,NA,NA,NA,NA,NA,NA,NA,NA,NA,NA,0,NA,1
"165",201073322,"602","604",NA,NA,NA,NA,NA,NA,NA,NA,NA,NA,NA,0,NA,1
"166",201079926,"921","923",NA,NA,NA,NA,NA,NA,NA,NA,NA,NA,NA,0,NA,1
"167",201082524,"531","533",NA,NA,NA,NA,NA,NA,NA,NA,NA,NA,NA,0,NA,1
"168",201083538,"100","102",NA,NA,NA,NA,NA,NA,NA,NA,NA,NA,NA,0,NA,1
"169",201090351,"186","188",NA,NA,NA,NA,NA,NA,NA,NA,NA,NA,NA,0,NA,1
"170",201092385,"415","417",NA,NA,NA,NA,NA,NA,NA,NA,NA,NA,NA,0,NA,1
"171",201093564,"900","902",NA,NA,NA,NA,NA,NA,NA,NA,NA,NA,NA,0,NA,1
"172",201094078,"127","129",5180,NA,NA,NA,NA,NA,NA,NA,NA,NA,NA,0,NA,1
"173",201100944,"38","40",NA,NA,NA,NA,NA,NA,NA,NA,NA,NA,NA,0,NA,1
"174",201101939,"455","457",NA,NA,NA,NA,NA,NA,NA,NA,NA,NA,NA,0,NA,1
"175",201104747,"104","106",NA,NA,NA,NA,NA,NA,NA,NA,NA,NA,NA,0,NA,1
"176",201112980,"919","921",7201,NA,NA,NA,NA,NA,NA,NA,NA,NA,NA,0,NA,1
"177",201117458,"506","508",NA,NA,NA,NA,NA,NA,NA,NA,NA,NA,NA,0,NA,1
"178",201133547,"736","738",NA,NA,NA,NA,NA,NA,NA,NA,NA,NA,NA,0,NA,1
"179",201133626,"9","11",5060,NA,NA,NA,NA,NA,NA,NA,NA,NA,NA,0,NA,1
"180",201141554,"345","347",NA,NA,NA,NA,NA,NA,NA,NA,NA,NA,NA,0,NA,1
"181",201152998,"617","619",7086,NA,NA,NA,NA,NA,NA,NA,NA,NA,NA,0,NA,1
"182",201153192,"83","85",NA,NA,NA,NA,NA,NA,NA,NA,NA,NA,NA,0,NA,1
"183",201157535,"392","394",NA,NA,NA,NA,NA,NA,NA,NA,NA,NA,NA,0,NA,1
"184",201162283,"471","473",NA,NA,NA,NA,NA,NA,NA,NA,NA,NA,NA,0,NA,1
"185",201166787,"85","87",5123,NA,NA,NA,NA,NA,NA,NA,NA,NA,NA,0,NA,1
"186",201168344,"696","698",NA,NA,NA,NA,NA,NA,NA,NA,NA,NA,NA,0,NA,1
"187",201170613,"875","877",NA,NA,NA,NA,NA,NA,NA,NA,NA,NA,NA,0,NA,1
"188",201170658,"869","871",NA,NA,NA,NA,NA,NA,NA,NA,NA,NA,NA,0,NA,1
"189",201185154,"106","108",NA,NA,NA,NA,NA,NA,NA,NA,NA,NA,NA,0,NA,1
"190",201190010,"475","477",NA,NA,NA,NA,NA,NA,NA,NA,NA,NA,NA,0,NA,1
"191",201198491,"683","685",NA,NA,NA,NA,NA,NA,NA,NA,NA,NA,NA,0,NA,1
"192",201201438,"80","82",NA,NA,NA,NA,NA,NA,NA,NA,NA,NA,NA,0,NA,1
"193",201203422,"499","501",6201,NA,NA,NA,NA,NA,NA,NA,NA,NA,NA,0,NA,1
"194",201206704,"107","109",NA,NA,NA,NA,NA,NA,NA,NA,NA,NA,NA,0,NA,1
"195",201207634,"585","587",NA,NA,NA,NA,NA,NA,NA,NA,NA,NA,NA,0,NA,1
"196",201211993,"642","644",NA,NA,NA,NA,NA,NA,NA,NA,NA,NA,NA,0,NA,1
"197",201216937,"283","285",NA,NA,NA,NA,NA,NA,NA,NA,NA,NA,NA,0,NA,1
"198",201225837,"505","507",NA,NA,NA,NA,NA,NA,NA,NA,NA,NA,NA,0,NA,1
"199",201228266,"247","249",5881,NA,NA,NA,NA,NA,NA,NA,NA,NA,NA,0,NA,1
"200",201233084,"838","840",6215,NA,NA,NA,NA,NA,NA,NA,NA,NA,NA,0,NA,1
"201",201234172,"478","480",NA,NA,NA,NA,NA,NA,NA,NA,NA,NA,NA,0,NA,1
"202",201242648,"666","668",NA,NA,NA,NA,NA,NA,NA,NA,NA,NA,NA,0,NA,1
"203",201243072,"533","535",NA,NA,NA,NA,NA,NA,NA,NA,NA,NA,NA,0,NA,1
"204",201246049,"897","899",NA,NA,NA,NA,NA,NA,NA,NA,NA,NA,NA,0,NA,1
"205",201247049,"719","721",NA,NA,NA,NA,NA,NA,NA,NA,NA,NA,NA,0,NA,1
"206",201250455,"217","219",5226,NA,NA,NA,NA,NA,NA,NA,NA,NA,NA,0,NA,1
"207",201252921,"814","816",NA,NA,NA,NA,NA,NA,NA,NA,NA,NA,NA,0,NA,1
"208",201254249,"793","795",NA,NA,NA,NA,NA,NA,NA,NA,NA,NA,NA,0,NA,1
"209",201258878,"355","357",NA,NA,NA,NA,NA,NA,NA,NA,NA,NA,NA,0,NA,1
"210",201258973,"81","83",5596,NA,NA,NA,NA,NA,NA,NA,NA,NA,NA,0,NA,1
"211",201262457,"627","629",NA,NA,NA,NA,NA,NA,NA,NA,NA,NA,NA,0,NA,1
"212",201265301,"443","445",NA,NA,NA,NA,NA,NA,NA,NA,NA,NA,NA,0,NA,1
"213",201266599,"439","441",NA,NA,NA,NA,NA,NA,NA,NA,NA,NA,NA,0,NA,1
"214",201267590,"181","183",6361,NA,NA,NA,NA,NA,NA,NA,NA,NA,NA,0,NA,1
"215",201268516,"281","283",NA,NA,NA,NA,NA,NA,NA,NA,NA,NA,NA,0,NA,1
"216",201269750,"165","167",NA,NA,NA,NA,NA,NA,NA,NA,NA,NA,NA,0,NA,1
"217",201271362,"380","382",NA,NA,NA,NA,NA,NA,NA,NA,NA,NA,NA,0,NA,1
"218",201272427,"68","70",NA,NA,NA,NA,NA,NA,NA,NA,NA,NA,NA,0,NA,1
"219",201272740,"483","485",NA,NA,NA,NA,NA,NA,NA,NA,NA,NA,NA,0,NA,1
"220",201275577,"540","542",7423,NA,NA,NA,NA,NA,NA,NA,NA,NA,NA,0,NA,1
"221",201279185,"67","69",NA,NA,NA,NA,NA,NA,NA,NA,NA,NA,NA,0,NA,1
"222",201284018,"569","571",NA,NA,NA,NA,NA,NA,NA,NA,NA,NA,NA,0,NA,1
"223",201289762,"97","99",NA,NA,NA,NA,NA,NA,NA,NA,NA,NA,NA,0,NA,1
"224",201289915,"361","363",5576,NA,NA,NA,NA,NA,NA,NA,NA,NA,NA,0,NA,1
"225",201292887,"154","156",NA,NA,NA,NA,NA,NA,NA,NA,NA,NA,NA,0,NA,1
"226",201296951,"200","202",NA,NA,NA,NA,NA,NA,NA,NA,NA,NA,NA,0,NA,1
"227",201301772,"124","126",NA,NA,NA,NA,NA,NA,NA,NA,NA,NA,NA,0,NA,1
"228",201302676,"892","894",6358,NA,NA,NA,NA,NA,NA,NA,NA,NA,NA,0,NA,1
"229",201304492,"448","450",NA,NA,NA,NA,NA,NA,NA,NA,NA,NA,NA,0,NA,1
"230",201306073,"193","195",NA,NA,NA,NA,NA,NA,NA,NA,NA,NA,NA,0,NA,1
"231",201315391,"395","397",5879,NA,NA,NA,NA,NA,NA,NA,NA,NA,NA,0,NA,1
"232",201316072,"108","110",NA,NA,NA,NA,NA,NA,NA,NA,NA,NA,NA,0,NA,1
"233",201316489,"517","519",NA,NA,NA,NA,NA,NA,NA,NA,NA,NA,NA,0,NA,1
"234",201323910,"822","824",NA,476,2106,2018-11-03,2018-11-04,NA,NA,NA,NA,NA,NA,0,NA,1
"235",201334013,"228","230",5235,NA,NA,NA,NA,NA,NA,NA,NA,NA,NA,0,NA,1
"236",201339017,"522","524",NA,NA,NA,NA,NA,NA,NA,NA,NA,NA,NA,0,NA,1
"237",201341664,"250","252",5278,NA,NA,NA,NA,NA,NA,NA,NA,NA,NA,0,NA,1
"238",201345415,"645","647",NA,NA,NA,NA,NA,NA,NA,NA,NA,NA,NA,0,NA,1
"239",201348213,"36","38",5389,NA,NA,NA,NA,NA,NA,NA,NA,NA,NA,0,NA,1
"240",201350206,"829","831",NA,NA,NA,NA,NA,NA,NA,NA,NA,NA,NA,0,NA,1
"241",201351870,"116","118",NA,NA,NA,NA,NA,NA,NA,NA,NA,NA,NA,0,NA,1
"242",201355341,"292","294",5397,495,2106,2018-06-16,2018-06-25,NA,NA,NA,NA,NA,NA,0,NA,1
"243",201356295,"801","803",NA,NA,NA,NA,NA,NA,NA,NA,NA,NA,NA,0,NA,1
"244",201359238,"76","78",NA,NA,NA,NA,NA,NA,NA,NA,NA,NA,NA,0,NA,1
"245",201361457,"428","430",NA,NA,NA,NA,NA,NA,NA,NA,NA,NA,NA,0,NA,1
"246",201362469,"811","813",NA,NA,NA,NA,NA,NA,NA,NA,NA,NA,NA,0,NA,1
"247",201363494,"823","825",NA,NA,NA,NA,NA,NA,NA,NA,NA,NA,NA,0,NA,1
"248",201365313,"328","330",NA,NA,NA,NA,NA,NA,NA,NA,NA,NA,NA,0,NA,1
"249",201366093,"472","474",NA,NA,NA,NA,NA,NA,NA,NA,NA,NA,NA,0,NA,1
"250",201370752,"289","291",NA,NA,NA,NA,NA,NA,NA,NA,NA,NA,NA,0,NA,1
"251",201371808,"46","48",NA,NA,NA,NA,NA,NA,NA,NA,NA,NA,NA,0,NA,1
"252",201378195,"878","880",NA,NA,NA,NA,NA,NA,NA,NA,NA,NA,NA,0,NA,1
"253",201378690,"619","621",5932,NA,NA,NA,NA,NA,NA,NA,NA,NA,NA,0,NA,1
"254",201384523,"24","26",NA,NA,NA,NA,NA,NA,NA,NA,NA,NA,NA,0,NA,1
"255",201385664,"468","470",NA,NA,NA,NA,NA,NA,NA,NA,NA,NA,NA,0,NA,1
"256",201391507,"446","448",NA,NA,NA,NA,NA,NA,NA,NA,NA,NA,NA,0,NA,1
"257",201392732,"387","389",NA,NA,NA,NA,NA,NA,NA,NA,NA,NA,NA,0,NA,1
"258",201406533,"893","895",NA,NA,NA,NA,NA,NA,NA,NA,NA,NA,NA,0,NA,1
"259",201410868,"871","873",6370,NA,NA,NA,NA,NA,NA,NA,NA,NA,NA,0,NA,1
"260",201412100,"690","692",NA,NA,NA,NA,NA,NA,NA,NA,NA,NA,NA,0,NA,1
"261",201419888,"862","864",6239,NA,NA,NA,NA,NA,NA,NA,NA,NA,NA,0,NA,1
"262",201424779,"88","90",5275,NA,NA,NA,NA,NA,NA,NA,NA,NA,NA,0,NA,1
"263",201425349,"490","492",NA,NA,NA,NA,NA,NA,NA,NA,NA,NA,NA,0,NA,1
"264",201428159,"839","841",NA,NA,NA,NA,NA,NA,NA,NA,NA,NA,NA,0,NA,1
"265",201431038,"607","609",NA,NA,NA,NA,NA,NA,NA,NA,NA,NA,NA,0,NA,1
"266",201442293,"579","581",5889,NA,NA,NA,NA,NA,NA,NA,NA,NA,NA,0,NA,1
"267",201446717,"445","447",NA,NA,NA,NA,NA,NA,NA,NA,NA,NA,NA,0,NA,1
"268",201447600,"456","458",6233,NA,NA,NA,NA,NA,NA,NA,NA,NA,NA,0,NA,1
"269",201453621,"271","273",NA,NA,NA,NA,NA,NA,NA,NA,NA,NA,NA,0,NA,1
"270",201455533,"855","857",NA,NA,NA,NA,NA,NA,NA,NA,NA,NA,NA,0,NA,1
"271",201456269,"907","909",NA,NA,NA,NA,NA,NA,NA,NA,NA,NA,NA,0,NA,1
"272",201457854,"872","874",6271,NA,NA,NA,NA,NA,NA,NA,NA,NA,NA,0,NA,1
"273",201458731,"133","135",NA,NA,NA,NA,NA,NA,NA,NA,NA,NA,NA,0,NA,1
"274",201463354,"631","633",NA,NA,NA,NA,NA,NA,NA,NA,NA,NA,NA,0,NA,1
"275",201494669,"821","823",NA,NA,NA,NA,NA,NA,NA,NA,NA,NA,NA,0,NA,1
"276",201503371,"89","91",5189,NA,NA,NA,NA,NA,NA,NA,NA,NA,NA,0,NA,1
"277",201508986,"22","24",NA,NA,NA,NA,NA,NA,NA,NA,NA,NA,NA,0,NA,1
"278",201517146,"738","740",6251,NA,NA,NA,NA,NA,NA,NA,NA,NA,NA,0,NA,1
"279",201523441,"401","403",6373,482,2106,2018-10-11,2018-10-22,NA,NA,NA,NA,NA,NA,0,NA,1
"280",201524622,"804","806",NA,NA,NA,NA,NA,NA,NA,NA,NA,NA,NA,0,NA,1
"281",201524923,"384","386",NA,NA,NA,NA,NA,NA,NA,NA,NA,NA,NA,0,NA,1
"282",201533348,"344","346",NA,NA,NA,NA,NA,NA,NA,NA,NA,NA,NA,0,NA,1
"283",201535418,"101","103",5318,NA,NA,NA,NA,NA,NA,NA,NA,NA,NA,0,NA,1
"284",201535471,"758","760",6121,NA,NA,NA,NA,NA,NA,NA,NA,NA,NA,0,NA,1
"285",201549988,"62","64",NA,NA,NA,NA,NA,NA,NA,NA,NA,NA,NA,0,NA,1
"286",201550524,"528","530",5711,NA,NA,NA,NA,NA,NA,NA,NA,NA,NA,0,NA,1
"287",201553714,"526","528",5876,NA,NA,NA,NA,NA,NA,NA,NA,NA,NA,0,NA,1
"288",201553747,"113","115",NA,NA,NA,NA,NA,NA,NA,NA,NA,NA,NA,0,NA,1
"289",201553762,"491","493",NA,NA,NA,NA,NA,NA,NA,NA,NA,NA,NA,0,NA,1
"290",201563972,"257","259",NA,NA,NA,NA,NA,NA,NA,NA,NA,NA,NA,0,NA,1
"291",201565100,"92","94",NA,NA,NA,NA,NA,NA,NA,NA,NA,NA,NA,0,NA,1
"292",201571742,"176","178",NA,NA,NA,NA,NA,NA,NA,NA,NA,NA,NA,0,NA,1
"293",201576722,"582","584",NA,NA,NA,NA,NA,NA,NA,NA,NA,NA,NA,0,NA,1
"294",201577722,"710","712",NA,NA,NA,NA,NA,NA,NA,NA,NA,NA,NA,0,NA,1
"295",201582643,"572","574",NA,NA,NA,NA,NA,NA,NA,NA,NA,NA,NA,0,NA,1
"296",201585799,"689","691",NA,NA,NA,NA,NA,NA,NA,NA,NA,NA,NA,0,NA,1
"297",201587133,"704","706",NA,NA,NA,NA,NA,NA,NA,NA,NA,NA,NA,0,NA,1
"298",201589206,"31","33",NA,NA,NA,NA,NA,NA,NA,NA,NA,NA,NA,0,NA,1
"299",201600163,"820","822",NA,NA,NA,NA,NA,NA,NA,NA,NA,NA,NA,0,NA,1
"300",201601051,"747","749",NA,NA,NA,NA,NA,NA,NA,NA,NA,NA,NA,0,NA,1
"301",201602681,"536","538",NA,NA,NA,NA,NA,NA,NA,NA,NA,NA,NA,0,NA,1
"302",201608030,"651","653",NA,NA,NA,NA,NA,NA,NA,NA,NA,NA,NA,0,NA,1
"303",201619899,"354","356",NA,NA,NA,NA,NA,NA,NA,NA,NA,NA,NA,0,NA,1
"304",201625072,"77","79",NA,NA,NA,NA,NA,NA,NA,NA,NA,NA,NA,0,NA,1
"305",201626968,"563","565",5794,NA,NA,NA,NA,NA,NA,NA,NA,NA,NA,0,NA,1
"306",201627151,"652","654",6000,NA,NA,NA,NA,NA,NA,NA,NA,NA,NA,0,NA,1
"307",201639217,"807","809",NA,NA,NA,NA,NA,NA,NA,NA,NA,NA,NA,0,NA,1
"308",201640636,"849","851",NA,NA,NA,NA,NA,NA,NA,NA,NA,NA,NA,0,NA,1
"309",201649005,"131","133",NA,NA,NA,NA,NA,NA,NA,NA,NA,NA,NA,0,NA,1
"310",201659989,"715","717",NA,NA,NA,NA,NA,NA,NA,NA,NA,NA,NA,0,NA,1
"311",201670130,"291","293",6435,NA,NA,NA,NA,NA,NA,NA,NA,NA,NA,0,NA,1
"312",201679613,"351","353",NA,NA,NA,NA,NA,NA,NA,NA,NA,NA,NA,0,NA,1
"313",201680208,"11","13",5068,NA,NA,NA,NA,NA,NA,NA,NA,NA,NA,0,NA,1
"314",201684125,"620","622",NA,NA,NA,NA,NA,NA,NA,NA,NA,NA,NA,0,NA,1
"315",201691478,"318","320",NA,NA,NA,NA,NA,NA,NA,NA,NA,NA,NA,0,NA,1
"316",201700217,"230","232",NA,NA,NA,NA,NA,NA,NA,NA,NA,NA,NA,0,NA,1
"317",201712332,"841","843",NA,NA,NA,NA,NA,NA,NA,NA,NA,NA,NA,0,NA,1
"318",201715989,"473","475",5871,455,2106,2018-09-15,2018-09-21,NA,NA,NA,NA,NA,NA,0,NA,1
"319",201724333,"269","271",NA,NA,NA,NA,NA,NA,NA,NA,NA,NA,NA,0,NA,1
"320",201730931,"29","31",NA,420,2106,2018-05-04,2018-05-05,NA,NA,NA,NA,NA,NA,0,NA,1
"321",201745587,"671","673",NA,NA,NA,NA,NA,NA,NA,NA,NA,NA,NA,0,NA,1
"322",201747175,"795","797",6144,NA,NA,NA,NA,NA,NA,NA,NA,NA,NA,0,NA,1
"323",201753508,"58","60",NA,NA,NA,NA,NA,NA,NA,NA,NA,NA,NA,0,NA,1
"324",201758578,"852","854",7065,NA,NA,NA,NA,NA,NA,NA,NA,NA,NA,0,NA,1
"325",201760181,"19","21",NA,NA,NA,NA,NA,NA,NA,NA,NA,NA,NA,0,NA,1
"326",201765757,"842","844",NA,NA,NA,NA,NA,NA,NA,NA,NA,NA,NA,0,NA,1
"327",201772889,"858","860",NA,NA,NA,NA,NA,NA,NA,NA,NA,NA,NA,0,NA,1
"328",201773311,"51","53",NA,NA,NA,NA,NA,NA,NA,NA,NA,NA,NA,0,NA,1
"329",201780770,"728","730",NA,NA,NA,NA,NA,NA,NA,NA,NA,NA,NA,0,NA,1
"330",201791888,"225","227",5234,NA,NA,NA,NA,NA,NA,NA,NA,NA,NA,0,NA,1
"331",201802018,"65","67",5183,NA,NA,NA,NA,NA,NA,NA,NA,NA,NA,0,NA,1
"332",201803798,"926","928",NA,NA,NA,NA,NA,NA,NA,NA,NA,NA,NA,0,NA,1
"333",201810690,"827","829",NA,444,2106,NA,NA,NA,NA,NA,NA,NA,"ignore",0,NA,1
"334",201815134,"239","241",5272,NA,NA,NA,NA,NA,NA,NA,NA,NA,NA,0,NA,1
"335",201817763,"404","406",5583,NA,NA,NA,NA,NA,NA,NA,NA,NA,NA,0,NA,1
"336",201825244,"663","665",NA,NA,NA,NA,NA,NA,NA,NA,NA,NA,NA,0,NA,1
"337",201831007,"320","322",NA,NA,NA,NA,NA,NA,NA,NA,NA,NA,NA,0,NA,1
"338",201832829,"662","664",NA,NA,NA,NA,NA,NA,NA,NA,NA,NA,NA,0,NA,1
"339",201834558,"215","217",5436,NA,NA,NA,NA,NA,NA,NA,NA,NA,NA,0,NA,1
"340",201837465,"463","465",NA,NA,NA,NA,NA,NA,NA,NA,NA,NA,NA,0,NA,1
"341",201840369,"856","858",NA,NA,NA,NA,NA,NA,NA,NA,NA,NA,NA,0,NA,1
"342",201846360,"93","95",NA,NA,NA,NA,NA,NA,NA,NA,NA,NA,NA,0,NA,1
"343",201847616,"398","400",NA,NA,NA,NA,NA,NA,NA,NA,NA,NA,NA,0,NA,1
"344",201850807,"789","791",NA,NA,NA,NA,NA,NA,NA,NA,NA,NA,NA,0,NA,1
"345",201854830,"45","47",5187,NA,NA,NA,NA,NA,NA,NA,NA,NA,NA,0,NA,1
"346",201862328,"208","210",NA,NA,NA,NA,NA,NA,NA,NA,NA,NA,NA,0,NA,1
"347",201863163,"470","472",NA,NA,NA,NA,NA,NA,NA,NA,NA,NA,NA,0,NA,1
"348",201863303,"612","614",NA,NA,NA,NA,NA,NA,NA,NA,NA,NA,NA,0,NA,1
"349",201891621,"79","81",NA,NA,NA,NA,NA,NA,NA,NA,NA,NA,NA,0,NA,1
"350",201903471,"664","666",NA,NA,NA,NA,NA,NA,NA,NA,NA,NA,NA,0,NA,1
"351",201907775,"198","200",NA,NA,NA,NA,NA,NA,NA,NA,NA,NA,NA,0,NA,1
"352",201910464,"559","561",5802,NA,NA,NA,NA,NA,NA,NA,NA,NA,NA,0,NA,1
"353",201912368,"260","262",NA,NA,NA,NA,NA,NA,NA,NA,NA,NA,NA,0,NA,1
"354",201915876,"565","567",NA,NA,NA,NA,NA,NA,NA,NA,NA,NA,NA,0,NA,1
"355",201917306,"134","136",5137,NA,NA,NA,NA,NA,NA,NA,NA,NA,NA,0,NA,1
"356",201919624,"700","702",NA,NA,NA,NA,NA,NA,NA,NA,NA,NA,NA,0,NA,1
"357",201922539,"327","329",NA,NA,NA,NA,NA,NA,NA,NA,NA,NA,NA,0,NA,1
"358",201929826,"224","226",NA,NA,NA,NA,NA,NA,NA,NA,NA,NA,NA,0,NA,1
"359",201932708,"122","124",NA,NA,NA,NA,NA,NA,NA,NA,NA,NA,NA,0,NA,1
"360",201939475,"311","313",6952,NA,NA,NA,NA,NA,NA,NA,NA,NA,NA,0,NA,1
"361",201943613,"249","251",5296,NA,NA,NA,NA,NA,NA,NA,NA,NA,NA,0,NA,1
"362",201945386,"500","502",5718,NA,NA,NA,NA,NA,NA,NA,NA,NA,NA,0,NA,1
"363",201946800,"426","428",5649,NA,NA,NA,NA,NA,NA,NA,NA,NA,NA,0,NA,1
"364",201948691,"853","855",NA,NA,NA,NA,NA,NA,NA,NA,NA,NA,NA,0,NA,1
"365",201949044,"459","461",NA,NA,NA,NA,NA,NA,NA,NA,NA,NA,NA,0,NA,1
"366",201953777,"25","27",NA,NA,NA,NA,NA,NA,NA,NA,NA,NA,NA,0,NA,1
"367",201955299,"819","821",NA,NA,NA,NA,NA,NA,NA,NA,NA,NA,NA,0,NA,1
"368",201960103,"NULL","NULL",NA,NA,NA,NA,NA,NA,NA,NA,NA,NA,NA,0,NA,1
"369",201965517,"895","897",NA,NA,NA,NA,NA,NA,NA,NA,NA,NA,NA,0,NA,1
"370",201965633,"158","160",5381,NA,NA,NA,NA,NA,NA,NA,NA,NA,NA,0,NA,1
"371",201968738,"857","859",NA,NA,NA,NA,NA,NA,NA,NA,NA,NA,NA,0,NA,1
"372",201973640,"149","151",NA,420,2106,2018-11-08,2018-11-16,NA,NA,NA,NA,NA,NA,0,NA,1
"373",201974698,"485","487",NA,NA,NA,NA,NA,NA,NA,NA,NA,NA,NA,0,NA,1
"374",201977220,"203","205",5250,NA,NA,NA,NA,NA,NA,NA,NA,NA,NA,0,NA,1
"375",201977233,"144","146",NA,NA,NA,NA,NA,NA,NA,NA,NA,NA,NA,0,NA,1
"376",201980293,"406","408",NA,NA,NA,NA,NA,NA,NA,NA,NA,NA,NA,0,NA,1
"377",201988562,"709","711",NA,NA,NA,NA,NA,NA,NA,NA,NA,NA,NA,0,NA,1
"378",201989693,"449","451",NA,NA,NA,NA,NA,NA,NA,NA,NA,NA,NA,0,NA,1
"379",201991798,"432","434",NA,NA,NA,NA,NA,NA,NA,NA,NA,NA,NA,0,NA,1
"380",201993386,"69","71",NA,NA,NA,NA,NA,NA,NA,NA,NA,NA,NA,0,NA,1
"381",201996485,"802","804",6156,NA,NA,NA,NA,NA,NA,NA,NA,NA,NA,0,NA,1
